condition,rep,sagittal,correctness,ref_min_knee,app_knee,knee_err,ref_min_hip,app_hip,hip_err,ref_max_trunk,app_trunk,trunk_err,true_descent_s,app_descent_s,descent_ratio,app_score
control_vs_pixel,1,1,1,84.66,58.6,-26.06,92.89,68.59,-24.3,23.35,37.12,13.77,1.967,2.133,1.085,83
control_vs_pixel,2,1,1,82.35,57.37,-24.98,90.28,66.69,-23.59,24.63,38.54,13.91,2.1,1.867,0.889,82
control_vs_pixel,3,1,1,82.08,56.94,-25.15,91.1,68.02,-23.09,22.9,36.36,13.45,1.767,1.7,0.962,82
control_vs_pixel,4,1,1,85.93,59.48,-26.45,96.15,72.57,-23.58,20.8,33.7,12.91,1.633,1.567,0.959,82
control_vs_pixel,5,1,1,81.52,55.84,-25.69,93.99,70.93,-23.05,21.15,34.12,12.97,1.6,1.6,1,82
control_vs_pixel,6,1,1,105.07,76.68,-28.39,113.32,87.97,-25.35,16.57,33.79,17.22,2.333,5.7,2.443,94
control_vs_pixel,7,1,1,104.08,75.26,-28.82,115.78,91.85,-23.93,13.75,23.34,9.59,1.8,2,1.111,91
control_vs_pixel,8,1,1,99.84,71.2,-28.64,110.69,86.13,-24.56,16,26.89,10.89,2.633,6.9,2.62,87
control_vs_pixel,9,1,1,100.19,70.69,-29.51,114.39,90.23,-24.15,14.4,24.23,9.83,2,1.967,0.983,88
control_vs_pixel,10,1,1,103.06,74.33,-28.73,113.68,89,-24.68,15.11,25.58,10.47,2.567,2.333,0.909,92
control_vs_pixel,11,1,1,104.41,75.34,-29.07,114.56,89.93,-24.63,14.83,25,10.18,2.267,2.333,1.029,93
control_vs_pixel,12,1,1,100.94,71.7,-29.24,113.3,88.88,-24.41,14.87,25.14,10.27,2.033,2.4,1.18,90
control_vs_pixel,13,1,1,71.17,46.15,-25.01,83.51,57.61,-25.91,34.27,49.52,15.25,1.467,1.667,1.136,76
control_vs_pixel,14,1,1,57.2,37.16,-20.05,89.51,73.09,-16.42,19.84,31.89,12.05,1.3,1.5,1.154,81
control_vs_pixel,15,1,1,88.18,67.12,-21.06,72.91,48.97,-23.94,37.15,53.14,15.99,1.533,1.333,0.87,78
control_vs_pixel,16,1,1,63.57,42.38,-21.19,86.94,70.29,-16.65,18.24,29.71,11.46,1.333,1.467,1.1,81
control_vs_pixel,17,1,0,69.76,47.48,-22.29,63.04,40.67,-22.37,46.11,61.33,15.22,1.2,1.267,1.056,62
control_vs_pixel,23,0,0,134.65,111.35,-23.29,147.84,128.72,-19.12,14.36,24.23,9.87,1.267,1.533,1.211,74
control_vs_pixel,1,1,1,79.67,55.49,-24.17,84.16,60.52,-23.64,28,43.03,15.03,1.4,1.5,1.071,78
control_vs_pixel,2,1,1,82.29,58.39,-23.9,84.09,60.26,-23.83,27.98,43.13,15.15,1.567,1.467,0.936,78
control_vs_pixel,3,1,1,80.86,56.67,-24.2,87.05,63.98,-23.07,24.75,39.22,14.46,1.5,1.467,0.978,79
control_vs_pixel,4,1,1,78.82,54.32,-24.5,86.64,63.75,-22.89,25.09,39.42,14.33,1.367,1.433,1.049,79
control_vs_pixel,5,1,1,79.9,55.96,-23.95,87.38,64.64,-22.74,24.53,38.78,14.25,1.333,1.4,1.05,79
control_vs_pixel,6,1,1,63.58,41.98,-21.61,65.63,43.78,-21.85,39.58,55.29,15.71,1.233,1.3,1.054,66
control_vs_pixel,7,1,1,66.2,43.63,-22.57,64.68,41.98,-22.7,43.77,59.21,15.44,1.433,1.467,1.023,64
control_vs_pixel,8,1,1,64.53,41.82,-22.71,69.79,46.54,-23.25,40.61,55.97,15.36,1.233,1.267,1.027,67
control_vs_pixel,9,1,1,57.96,36.29,-21.67,69.48,46.84,-22.63,38.13,53.86,15.74,1.333,1.5,1.125,69
control_vs_pixel,10,1,1,61.23,39.04,-22.18,68.58,45.73,-22.86,40.28,55.87,15.58,1.533,1.633,1.065,68
control_vs_pixel,19,0,1,127.72,101.06,-26.67,139.79,115.33,-24.45,24.3,38.52,14.22,1.033,0.967,0.935,84
control_vs_pixel,21,0,1,128.64,107.81,-20.82,141.25,123.29,-17.96,27.24,41.69,14.45,1,0.967,0.967,76
control_vs_pixel,1,1,1,71.64,45.76,-25.88,96.6,74.14,-22.46,18.81,31.16,12.35,2.433,2.933,1.205,80
control_vs_pixel,2,1,1,72.87,46.94,-25.93,100.23,80.08,-20.15,14.62,24.78,10.16,2.233,7.4,3.313,74
control_vs_pixel,3,1,1,75.05,48.96,-26.08,100.46,80.56,-19.9,14.45,24.36,9.91,2.167,2.2,1.015,77
control_vs_pixel,4,1,1,72.98,47.32,-25.66,99.18,79.82,-19.35,14.25,24.01,9.76,2.367,2.333,0.986,77
control_vs_pixel,5,1,1,70.33,45.96,-24.37,96.92,79.17,-17.75,13.64,23.25,9.62,2.4,2.4,1,77
control_vs_pixel,6,1,0,51.74,31.73,-20.01,73.72,51.77,-21.96,31.81,47.65,15.83,1.4,3.1,2.214,73
control_vs_pixel,7,1,0,55.52,34.06,-21.46,73.68,50,-23.68,34.9,50.96,16.06,2.167,2.233,1.031,71
control_vs_pixel,8,1,0,53.07,32.43,-20.64,65.77,42.25,-23.52,43.6,59.23,15.63,1.9,6,3.158,61
control_vs_pixel,9,1,0,58.69,35.93,-22.76,73.01,48.07,-24.95,40.51,56.09,15.58,1.8,1.833,1.019,67
control_vs_pixel,10,1,0,62.59,38.82,-23.77,77.14,51.98,-25.16,36.44,52.26,15.82,1.5,1.567,1.044,70
control_vs_pixel,12,0,1,131.64,102.69,-28.95,140.74,110.31,-30.43,13.08,28.05,14.97,2.267,1.733,0.765,91
control_vs_pixel,13,0,1,126.84,97.64,-29.2,137.79,113.02,-24.77,14.74,24.98,10.23,2.133,2.067,0.969,91
control_vs_pixel,14,0,1,132.34,104.46,-27.89,140.72,116.47,-24.25,14.93,25.22,10.29,2.067,1.9,0.919,85
control_vs_pixel,15,0,1,114.53,83.83,-30.7,127.64,101.8,-25.84,14.95,25.3,10.35,2.067,1.867,0.903,96
control_vs_pixel,16,0,0,78.99,50.67,-28.33,118.62,92.45,-26.18,16.13,27.08,10.95,1.967,2,1.017,83
control_vs_pixel,17,0,0,74.13,47.75,-26.38,115.95,88.09,-27.86,19.76,32.34,12.57,1.967,1.933,0.983,84
control_vs_pixel,18,0,0,76.39,49.42,-26.97,109.66,80.93,-28.72,24.97,38.95,13.98,1.8,1.767,0.981,84
control_vs_pixel,19,0,0,92.38,62.53,-29.84,109.07,79.02,-30.05,29.44,44.67,15.23,1.733,5.367,3.096,85
control_vs_pixel,20,0,0,114.56,84.06,-30.49,116.87,87.21,-29.66,37.17,52.56,15.39,1.733,1.667,0.962,97
control_vs_pixel,1,1,1,101.57,74.1,-27.47,93.38,64.39,-29,32.57,48.31,15.74,0.933,1.2,1.286,91
control_vs_pixel,2,1,1,87.82,63.67,-24.15,76.8,51.31,-25.49,37.32,53.39,16.06,1.333,3.967,2.975,77
control_vs_pixel,3,1,1,85.61,62.5,-23.11,73.61,49.01,-24.6,37.71,53.79,16.08,1.5,1.367,0.911,74
control_vs_pixel,4,1,1,83.7,58.57,-25.13,81.76,56.65,-25.11,32.76,48.37,15.62,1.233,4.1,3.324,77
control_vs_pixel,5,1,1,88.47,63.69,-24.78,82.28,56.77,-25.51,32.74,48.4,15.66,1.367,1.333,0.976,80
control_vs_pixel,6,1,1,68.62,44.96,-23.66,66.6,42.71,-23.89,44.17,59.7,15.53,2.267,2.067,0.912,69
control_vs_pixel,7,1,1,57.82,38.02,-19.8,59.99,40,-19.99,40.81,56.77,15.96,1.667,1.667,1,70
control_vs_pixel,8,1,1,59.06,39.02,-20.04,53.87,34.48,-19.38,48.37,63.31,14.93,1.7,1.433,0.843,65
control_vs_pixel,9,1,1,55.51,37.72,-17.79,48.5,31.75,-16.75,47.78,62.54,14.76,1.567,1.5,0.957,65
control_vs_pixel,10,1,1,57.94,38.68,-19.26,49.91,31.99,-17.92,49.55,64.26,14.71,1.8,1.7,0.944,62
control_vs_pixel,11,0,1,124.57,96.39,-28.18,113.84,83,-30.83,30.2,45.6,15.4,1.267,1.367,1.079,94
control_vs_pixel,12,0,1,118.07,89.52,-28.55,113.81,83.91,-29.9,27.66,42.64,14.98,0.967,1,1.034,94
control_vs_pixel,13,0,1,118.48,89.88,-28.61,115.38,84.5,-30.88,28.09,43.15,15.07,1.4,1.133,0.81,94
control_vs_pixel,14,0,1,114.83,85.55,-29.28,115.86,86.87,-28.99,24.51,38.65,14.15,1.4,1.233,0.881,94
control_vs_pixel,15,0,1,104.04,76.31,-27.73,102.97,74.81,-28.16,26.79,41.62,14.83,1.3,1.433,1.103,92
control_vs_pixel,16,0,1,105.43,76.79,-28.64,91.8,62.98,-28.83,42.39,58.23,15.83,1.833,1.967,1.073,86
control_vs_pixel,17,0,0,101.82,72.6,-29.21,91.35,62.31,-29.05,47.32,61.97,14.65,1.867,1.667,0.893,79
control_vs_pixel,18,0,0,101.55,74.24,-27.31,94.6,67.06,-27.54,36.9,52.9,16,1.767,1.333,0.755,88
control_vs_pixel,19,0,0,64.57,43.17,-21.4,70.03,48,-22.03,38.3,54.18,15.88,1.833,1.4,0.764,70
control_vs_pixel,20,0,1,106.89,83.26,-23.62,85.87,58.73,-27.14,41.02,56.51,15.49,1.3,1.333,1.026,86
control_vs_pixel,1,1,1,96.47,71.41,-25.06,91.77,64.79,-26.98,28.97,44.3,15.33,1,1.267,1.267,88
control_vs_pixel,2,1,1,99.02,72.57,-26.45,94.33,66.43,-27.9,28.72,44.14,15.42,1.167,1.167,1,90
control_vs_pixel,3,1,1,96.01,70.9,-25.11,87.24,60.32,-26.92,33.01,48.39,15.38,1.233,1.367,1.108,87
control_vs_pixel,4,1,1,76.62,53.85,-22.77,91.62,70.68,-20.94,24.84,38.24,13.4,1.167,1.333,1.143,79
control_vs_pixel,5,1,1,83.69,60.4,-23.29,85.54,62.17,-23.37,27.57,42.52,14.95,1.133,1.233,1.088,78
control_vs_pixel,6,1,0,62.76,39.79,-22.97,92.7,72.96,-19.74,18.43,30.43,12,1.133,1.267,1.118,78
control_vs_pixel,7,1,0,54.34,33.85,-20.49,92.62,72.18,-20.44,19.43,31.68,12.25,1.267,1.267,1,78
control_vs_pixel,8,1,0,54.4,33.93,-20.47,89.67,69.65,-20.01,20.55,32.76,12.21,1.367,1.333,0.976,78
control_vs_pixel,9,1,0,50.92,31.86,-19.06,84.72,66.49,-18.23,20.4,33.12,12.72,1.4,1.567,1.119,77
control_vs_pixel,10,1,0,50.45,31.57,-18.88,86.22,67.88,-18.34,19.72,32.28,12.56,1.333,1.267,0.95,77
control_vs_pixel,16,0,0,114.42,85.73,-28.68,135.96,109.54,-26.42,22.95,36.71,13.76,1.067,1.067,1,91
control_vs_pixel,17,0,0,121.48,96.01,-25.48,142.85,119.99,-22.86,22.23,35.84,13.6,1.067,0.933,0.875,84
control_vs_pixel,18,0,0,117.67,89.45,-28.22,135.21,109.57,-25.64,22.89,36.79,13.89,1.267,1.2,0.947,89
control_vs_pixel,19,0,0,117.25,91.09,-26.16,136.38,112.41,-23.97,23.43,37.4,13.97,1.233,0.967,0.784,86
control_vs_pixel,20,0,0,111.36,82.38,-28.98,128.23,100.81,-27.43,23.75,37.83,14.08,1.3,1.167,0.897,93
control_vs_pixel,1,1,1,68.96,43.91,-25.04,90.11,65.56,-24.55,25.99,40.45,14.46,1.833,1.3,0.709,76
control_vs_pixel,2,1,1,67.64,43.12,-24.52,81.42,57.3,-24.12,31.22,46.35,15.14,1.467,1.5,1.023,74
control_vs_pixel,3,1,1,66.13,42.22,-23.91,80.35,56.57,-23.79,31.06,46.26,15.2,1.667,1.5,0.9,74
control_vs_pixel,4,1,1,67.01,42.99,-24.01,81.19,57.63,-23.56,30.12,45.32,15.2,1.433,1.367,0.953,74
control_vs_pixel,5,1,1,65.82,42.24,-23.58,83.13,59.95,-23.17,27.79,42.76,14.97,1.533,1.4,0.913,75
control_vs_pixel,17,1,0,65.36,40.4,-24.96,71.05,45.37,-25.67,48.12,62.43,14.31,1.367,1.567,1.146,61
control_vs_pixel,18,1,0,65.08,40.48,-24.61,65.49,40.62,-24.87,56.26,69.12,12.86,1.4,1.533,1.095,57
control_vs_pixel,19,1,0,49.98,29.81,-20.17,76.02,50.52,-25.5,38.81,54.3,15.49,1.567,1.6,1.021,68
control_vs_pixel,20,1,0,50.88,30.67,-20.21,74.51,48.91,-25.61,41.32,56.67,15.35,1.533,1.467,0.957,66
control_vs_pixel,21,1,0,49.1,29.28,-19.82,74.73,48.97,-25.75,40.77,56.24,15.47,1.433,1.533,1.07,66
control_vs_pixel,1,1,1,87.26,60.54,-26.72,78.63,51.58,-27.06,40.13,55.97,15.84,1.933,1.6,0.828,71
control_vs_pixel,2,1,1,91.76,64.37,-27.39,72.61,45.55,-27.06,48.35,63.21,14.86,2.3,1.633,0.71,68
control_vs_pixel,6,1,0,66.36,41.86,-24.5,72.76,47.65,-25.11,41.07,56.72,15.66,1.267,1.4,1.105,66
control_vs_pixel,9,1,0,58.21,35.91,-22.29,72.32,45.2,-27.13,38.81,58.7,19.89,2.033,8.567,4.213,62
control_vs_pixel,10,1,0,55.03,34.02,-21,69.76,46.14,-23.62,39.11,55.15,16.05,1.933,12.133,6.276,64
control_vs_pixel,17,0,1,101.15,69.78,-31.37,113.01,81.98,-31.02,30.26,45.6,15.35,1.667,1.467,0.88,91
control_vs_pixel,18,0,1,104.71,73.76,-30.95,106.92,75.62,-31.3,33.29,49.19,15.9,1.467,1.433,0.977,94
control_vs_pixel,1,1,1,91.43,62.49,-28.94,99.7,72.15,-27.55,25.26,39.66,14.4,1.833,2.833,1.545,84
control_vs_pixel,2,1,1,93.4,64.21,-29.18,103.33,76.16,-27.16,22.79,36.54,13.75,1.1,1.067,0.97,83
control_vs_pixel,3,1,1,88.64,60.06,-28.58,100.6,73.67,-26.93,23.84,37.95,14.11,1.4,1.4,1,80
control_vs_pixel,4,1,1,90.73,61.85,-28.88,100.63,73.62,-27.02,23.66,37.7,14.04,1.433,1.433,1,82
control_vs_pixel,5,1,1,89.73,61.01,-28.72,102.5,75.84,-26.66,22.5,36.17,13.67,1.367,1.4,1.024,81
control_vs_pixel,6,1,1,87.81,59.43,-28.38,98.76,72.31,-26.46,24.13,38.15,14.03,1.467,1.3,0.886,80
control_vs_pixel,7,1,1,65.35,41.06,-24.29,100.71,77.88,-22.83,18.85,30.96,12.11,1,4.4,4.4,81
control_vs_pixel,8,1,1,68.67,43.98,-24.69,84.28,58.19,-26.08,33.41,49.15,15.74,1.133,1.1,0.971,75
control_vs_pixel,9,1,1,78.41,51.62,-26.79,92.24,65.63,-26.61,29.8,44.68,14.89,0.933,0.967,1.036,76
control_vs_pixel,10,1,1,66.95,42.79,-24.15,81.5,56.06,-25.45,34.89,50.54,15.64,1.167,1.2,1.029,74
control_vs_pixel,11,1,1,70.74,45.82,-24.92,84.14,58.96,-25.18,32.44,47.57,15.13,1.067,1,0.938,74
control_vs_pixel,12,0,1,131.54,104.06,-27.47,137.15,111.43,-25.72,19.44,31.91,12.47,1.367,5,3.659,90
control_vs_pixel,13,0,1,136.72,111.29,-25.43,144.41,121.56,-22.85,17.29,28.81,11.52,1.533,1.433,0.935,80
control_vs_pixel,14,0,1,137.6,111.62,-25.99,130.73,102.59,-28.14,27.34,42.2,14.86,1.267,1.267,1,87
control_vs_pixel,15,0,1,132.22,104.65,-27.58,130.89,102.69,-28.2,22.22,35.73,13.51,0.8,1.133,1.417,92
control_vs_pixel,16,0,1,132.49,105.39,-27.1,128.87,100.2,-28.67,24.21,38.32,14.11,1.367,1.333,0.976,92
control_vs_pixel,17,0,1,129.76,102.22,-27.53,125.77,96.77,-29,25.62,40.15,14.54,1.233,1.3,1.054,95
control_vs_pixel,18,0,1,124.13,95.53,-28.6,120.16,90.19,-29.97,26.93,41.77,14.84,1.167,1.2,1.029,97
control_vs_pixel,19,0,0,104.58,74.16,-30.42,113.99,84.09,-29.89,30.37,45.16,14.79,0.933,1.033,1.107,93
control_vs_pixel,20,0,0,112.13,82.09,-30.04,119.59,90.15,-29.44,29.42,44.45,15.03,1.1,1.067,0.97,97
control_vs_pixel,21,0,0,104.73,74.93,-29.79,112.25,82.04,-30.21,32.4,47.85,15.44,1.167,0.9,0.771,92
control_vs_pixel,22,0,0,106.16,74.67,-31.48,106.29,75.32,-30.97,37.59,52.72,15.12,1.333,1.133,0.85,91
control_vs_pixel,23,0,0,108.07,76.77,-31.3,109.29,78.35,-30.94,34.02,49.57,15.55,1.233,0.967,0.784,93
control_vs_pixel,2,1,1,100.4,72.5,-27.9,104.74,72.89,-31.85,35.34,50.32,14.98,1.833,6.333,3.455,88
control_vs_pixel,4,1,1,98.92,67.11,-31.81,101.87,70.04,-31.83,34.11,51.53,17.42,1.8,20.2,11.222,83
control_vs_pixel,5,1,1,100.23,68.26,-31.97,103.41,71.34,-32.07,34.35,50.47,16.12,1.6,1.6,1,86
control_vs_pixel,6,1,0,91.53,60.16,-31.37,101.93,70.35,-31.58,34.65,50.31,15.66,1.633,1.533,0.939,79
control_vs_pixel,7,1,0,70.03,43.44,-26.59,77.56,49.54,-28.02,45.12,60.53,15.4,2.067,1.633,0.79,65
control_vs_pixel,8,1,0,85.11,54.91,-30.2,89.86,59.02,-30.84,41.9,57.71,15.81,1.3,1.567,1.205,70
control_vs_pixel,9,1,0,75.16,47.15,-28.01,80.14,51.33,-28.82,46,61.19,15.19,1.4,1.5,1.071,64
control_vs_pixel,10,1,0,70.68,44.9,-25.77,85.37,57.8,-27.57,52.73,65.88,13.14,1.7,1.467,0.863,68
control_vs_pixel,16,0,0,137.57,114.97,-22.6,125.52,101.54,-23.98,43.33,58.94,15.6,1.033,0.9,0.871,75
control_vs_pixel,18,0,0,134.26,108.2,-26.07,138.71,113.52,-25.2,26.48,41.22,14.74,1.5,1.4,0.933,83
control_vs_pixel,20,0,0,138.04,113.61,-24.43,120.47,95.29,-25.18,46.08,61.22,15.14,1.367,1.667,1.22,77
tier2_vs_pixel,1,1,1,76.62,67.66,-8.97,93.04,66.62,-26.42,20.2,43.96,23.76,1.933,2.167,1.121,88
tier2_vs_pixel,2,1,1,73.46,65.65,-7.81,91.76,64.49,-27.26,20.72,44.3,23.58,2.1,1.833,0.873,86
tier2_vs_pixel,3,1,1,72.12,64.76,-7.36,92.79,69.35,-23.44,19.18,40.96,21.78,1.767,1.767,1,86
tier2_vs_pixel,4,1,1,74.57,64.43,-10.14,97.31,71.89,-25.41,17.04,38.7,21.66,1.6,1.567,0.979,85
tier2_vs_pixel,5,1,1,70.86,56.16,-14.7,95.28,65.17,-30.11,17.93,39.3,21.37,1.6,1.6,1,79
tier2_vs_pixel,6,1,1,100.04,95.32,-4.72,115.92,86.8,-29.11,12.97,36.26,23.28,2.333,1.267,0.543,98
tier2_vs_pixel,7,1,1,98.73,80.9,-17.83,118.98,86.38,-32.6,11.74,30.96,19.22,1.8,1.867,1.037,100
tier2_vs_pixel,8,1,1,94.03,80.48,-13.55,113.28,80.76,-32.52,11.88,35.91,24.03,2.6,2.567,0.987,100
tier2_vs_pixel,9,1,1,93.8,80.75,-13.05,116.75,86.62,-30.12,10.61,33.18,22.57,2,1.567,0.783,99
tier2_vs_pixel,10,1,1,95.07,85.14,-9.93,116.38,85.27,-31.11,10.52,34.56,24.03,2.567,2,0.779,100
tier2_vs_pixel,11,1,1,95.7,85.84,-9.86,116.43,88.31,-28.12,10.5,33.39,22.9,2.233,1.9,0.851,100
tier2_vs_pixel,12,1,1,93.13,82.08,-11.05,113.31,86.78,-26.53,11.82,34.89,23.07,2,2,1,100
tier2_vs_pixel,13,1,1,61.37,49.32,-12.05,79.86,50.09,-29.77,31.05,54.41,23.35,1.467,1.7,1.159,71
tier2_vs_pixel,14,1,1,45.98,37.91,-8.07,88.42,66.1,-22.31,16.34,39.75,23.41,1.3,1.333,1.026,79
tier2_vs_pixel,15,1,1,69.77,65.59,-4.18,69.11,43.87,-25.23,32.42,57.8,25.38,1.5,1.4,0.933,73
tier2_vs_pixel,16,1,1,47.68,42.03,-5.66,81.15,61,-20.15,14.65,37.04,22.39,1.333,1.433,1.075,78
tier2_vs_pixel,17,1,0,61.48,50.03,-11.45,65.09,35.19,-29.9,43.37,65.36,21.99,1.2,1.133,0.944,60
tier2_vs_pixel,23,0,0,49.39,51.14,1.75,103.99,80.8,-23.19,10.61,11.81,1.2,1.2,1.233,1.028,67
tier2_vs_pixel,24,0,0,62.05,80.58,18.53,95.6,74.41,-21.19,13.79,31.41,17.62,1.5,0.433,0.289,91
tier2_vs_pixel,25,0,0,52.86,82.96,30.09,101.3,91.49,-9.81,12.19,13.69,1.5,1.267,0.3,0.237,80
tier2_vs_pixel,26,0,0,67.51,110.36,42.85,109.34,115.88,6.54,11.28,18.37,7.09,1.267,0.567,0.447,68
tier2_vs_pixel,27,0,0,45.85,104.44,58.59,90.45,106.07,15.62,21.4,41.15,19.75,1.6,0.733,0.458,85
tier2_vs_pixel,1,1,1,65.53,55.32,-10.21,77.92,56.15,-21.77,25.81,42.45,16.64,1.4,1.5,1.071,77
tier2_vs_pixel,2,1,1,68.73,58.94,-9.78,76.81,55.53,-21.28,26.15,43.17,17.02,1.533,1.533,1,77
tier2_vs_pixel,3,1,1,67.37,56.91,-10.46,79.96,58.19,-21.77,22.96,39.96,16.99,1.467,1.6,1.091,78
tier2_vs_pixel,4,1,1,65.99,53.69,-12.3,78.95,56.67,-22.29,23.38,40.14,16.76,1.367,1.467,1.073,77
tier2_vs_pixel,5,1,1,65.9,54.54,-11.36,79.27,56.91,-22.36,22.67,39.61,16.93,1.333,1.367,1.025,77
tier2_vs_pixel,6,1,1,55.42,46.84,-8.59,59.07,40.36,-18.71,38.86,55.55,16.7,1.267,1.333,1.053,68
tier2_vs_pixel,7,1,1,57.7,47.77,-9.93,60.47,39.22,-21.25,42.58,59.23,16.65,1.433,1.4,0.977,66
tier2_vs_pixel,8,1,1,52.3,41.97,-10.33,64.49,42.33,-22.16,38.95,56.57,17.62,1.3,1.467,1.128,67
tier2_vs_pixel,9,1,1,48.62,37.44,-11.19,66.4,43.48,-22.92,36.62,53.6,16.97,1.367,1.533,1.122,69
tier2_vs_pixel,10,1,1,50.71,39.72,-10.99,64.94,43.38,-21.55,38.53,55.03,16.51,1.567,1.633,1.043,68
tier2_vs_pixel,11,0,1,66.84,71.05,4.2,100.03,77.55,-22.48,9.34,32.63,23.3,1.4,0.567,0.405,89
tier2_vs_pixel,12,0,1,68.68,71.3,2.62,101.83,77.8,-24.03,9.82,32.63,22.8,1.467,0.7,0.477,89
tier2_vs_pixel,13,0,1,68.38,75.71,7.33,98.9,80.83,-18.07,8.7,31.26,22.56,1.633,0.7,0.429,93
tier2_vs_pixel,14,0,1,69.22,73.51,4.29,97.57,77.18,-20.39,10.17,32.54,22.37,1.1,0.567,0.515,91
tier2_vs_pixel,15,0,1,66.5,77.71,11.21,96.88,80.23,-16.65,9.25,32.82,23.57,1.433,0.633,0.442,93
tier2_vs_pixel,16,0,1,67.81,75.65,7.85,96.9,82.25,-14.65,9.5,30.46,20.95,1.267,0.567,0.447,93
tier2_vs_pixel,17,0,1,68.07,72.37,4.3,98.1,78.11,-19.99,8.79,31.79,23,1.367,0.633,0.463,89
tier2_vs_pixel,18,0,1,54.34,82.92,28.58,95.16,103.79,8.63,12.19,15.56,3.38,1.133,0.7,0.618,80
tier2_vs_pixel,19,0,1,57.1,68.22,11.12,97.87,97.31,-0.56,10.99,13.65,2.65,1.333,1.2,0.9,74
tier2_vs_pixel,20,0,1,55.44,65.76,10.32,94.82,80.9,-13.93,11.82,33.49,21.66,1.467,0.533,0.364,85
tier2_vs_pixel,21,0,1,60.33,91.18,30.85,97.41,118.21,20.8,13.51,17.48,3.97,1.467,1.5,1.023,78
tier2_vs_pixel,22,0,0,58.82,84.58,25.76,95.93,92.48,-3.45,13.31,31.15,17.84,1.267,0.3,0.237,96
tier2_vs_pixel,1,1,1,71.23,49.12,-22.1,90.06,65.87,-24.19,16.46,37.38,20.92,2.4,3.033,1.264,80
tier2_vs_pixel,2,1,1,71.15,50.61,-20.55,95.6,73.83,-21.77,11.65,28.92,17.27,2.233,2.367,1.06,81
tier2_vs_pixel,3,1,1,72.33,53.95,-18.37,95.51,73.79,-21.72,11.64,29.52,17.88,2.167,2.067,0.954,82
tier2_vs_pixel,4,1,1,70.22,53.33,-16.89,94.03,75.06,-18.96,11.34,28.97,17.62,2.367,2.2,0.93,81
tier2_vs_pixel,5,1,1,68.87,51.31,-17.57,91.7,72.5,-19.21,10.78,28.15,17.37,2.4,2.4,1,81
tier2_vs_pixel,6,1,0,49.41,36.12,-13.29,71.57,46.11,-25.47,28.51,53.02,24.51,1.367,1.833,1.341,69
tier2_vs_pixel,7,1,0,54.05,37.25,-16.8,73.78,43.68,-30.1,32.13,55.42,23.28,2.167,2.333,1.077,67
tier2_vs_pixel,8,1,0,51.62,34.7,-16.92,64.81,37.28,-27.53,41.44,62.37,20.93,1.9,2.133,1.123,63
tier2_vs_pixel,9,1,0,57.07,39.13,-17.94,71.3,43.94,-27.36,38.51,59.2,20.69,1.8,1.833,1.019,64
tier2_vs_pixel,10,1,0,60.85,42.5,-18.36,78.32,49.75,-28.58,33.62,54.46,20.84,1.5,1.5,1,68
tier2_vs_pixel,11,0,1,82.6,102.04,19.44,109.21,121.78,12.57,12.54,12.06,-0.47,1.967,1.7,0.864,77
tier2_vs_pixel,12,0,1,78.97,106.6,27.63,111.8,132.7,20.9,12.36,10.87,-1.49,2.133,1.967,0.922,72
tier2_vs_pixel,13,0,1,74.46,98.9,24.44,109.48,127.39,17.91,11.61,6.95,-4.66,2.1,1.9,0.905,77
tier2_vs_pixel,14,0,1,74.84,104.93,30.09,108.78,129.52,20.74,9.54,6.44,-3.1,1.967,1.833,0.932,73
tier2_vs_pixel,15,0,1,71,77.65,6.66,104.32,109.48,5.17,8.34,7.15,-1.19,2.033,1.867,0.918,82
tier2_vs_pixel,16,0,0,80.84,58.91,-21.93,120.1,111.98,-8.11,11.93,12.51,0.58,1.967,1.967,1,68
tier2_vs_pixel,17,0,0,75.6,55.5,-20.1,116.1,106.78,-9.32,10.53,14.04,3.51,1.967,1.867,0.949,71
tier2_vs_pixel,18,0,0,71.08,55.56,-15.52,109.22,97.05,-12.17,11.95,20.49,8.54,1.733,1.633,0.942,77
tier2_vs_pixel,19,0,0,85.85,67.52,-18.33,106.23,91.45,-14.78,16.56,28.13,11.56,1.733,1.467,0.846,88
tier2_vs_pixel,20,0,0,108.88,95.33,-13.54,115.69,106.22,-9.47,24.04,35.14,11.1,1.6,1.4,0.875,95
tier2_vs_pixel,1,1,1,104.89,79.77,-25.13,88.09,66.03,-22.07,33.37,48.88,15.51,0.933,1.3,1.393,96
tier2_vs_pixel,2,1,1,90.52,68.73,-21.79,70.09,53.42,-16.67,38.8,53.22,14.42,1.333,4.067,3.05,82
tier2_vs_pixel,3,1,1,88.52,69.28,-19.24,66.51,51.54,-14.97,39.36,53.69,14.33,1.5,1.433,0.956,81
tier2_vs_pixel,4,1,1,87.15,63.48,-23.68,73.24,60.85,-12.39,34.38,47.96,13.58,1.233,4.133,3.351,81
tier2_vs_pixel,5,1,1,93.14,69.23,-23.92,75.55,60.03,-15.52,34.08,48.37,14.29,1.367,1.133,0.829,85
tier2_vs_pixel,6,1,1,72.76,49.57,-23.19,57.52,43.72,-13.8,46.58,60.72,14.14,2.3,2.1,0.913,68
tier2_vs_pixel,7,1,1,58.78,42.24,-16.54,48.35,40.27,-8.09,43.15,60.26,17.1,1.633,1.667,1.02,66
tier2_vs_pixel,8,1,1,60.1,42.74,-17.35,42.9,36.06,-6.84,50.76,66.16,15.4,1.667,1.567,0.94,62
tier2_vs_pixel,9,1,1,56.67,42.67,-14.01,36.55,34.51,-2.05,50.21,63.9,13.7,1.533,1.533,1,63
tier2_vs_pixel,10,1,1,60.28,45.22,-15.07,37.19,34.01,-3.19,51.87,64.21,12.35,1.833,1.7,0.927,62
tier2_vs_pixel,11,0,1,101.81,80.39,-21.42,91.95,77.17,-14.78,20.98,35.11,14.12,1.233,1.233,1,97
tier2_vs_pixel,12,0,1,103.13,81.49,-21.64,95.58,85.82,-9.75,18.66,31.87,13.21,1,1.167,1.167,97
tier2_vs_pixel,13,0,1,94.44,77.38,-17.07,90,83.35,-6.65,19.49,32.19,12.7,1.567,1.367,0.872,96
tier2_vs_pixel,14,0,1,98.07,78.78,-19.3,96.84,93.64,-3.2,15.23,25.24,10.01,1.367,1.267,0.927,94
tier2_vs_pixel,15,0,1,91.2,68.54,-22.66,87.78,77.69,-10.09,17.64,31.06,13.42,1.3,1.367,1.051,89
tier2_vs_pixel,16,0,1,69.45,54.43,-15.03,63.44,55.22,-8.22,34.39,46.41,12.02,1.9,2.133,1.123,78
tier2_vs_pixel,17,0,0,61.71,50.08,-11.63,58.4,56.17,-2.23,39.92,51.46,11.54,1.9,1.633,0.86,76
tier2_vs_pixel,18,0,0,66.1,53.16,-12.94,65.43,62.67,-2.77,29.41,41.28,11.87,1.8,1.4,0.778,80
tier2_vs_pixel,19,0,0,69.2,36.15,-33.04,67.31,57.02,-10.29,29.61,41.35,11.74,1.833,1.6,0.873,78
tier2_vs_pixel,20,0,1,73.97,54.87,-19.1,63.64,50.43,-13.21,31.86,43.99,12.12,1.3,1.4,1.077,75
tier2_vs_pixel,1,1,1,87.28,87.29,0.01,90.69,54.18,-36.51,29.16,52.59,23.44,0.967,1.433,1.483,90
tier2_vs_pixel,2,1,1,94.94,85.69,-9.25,96.03,54.67,-41.36,28.38,52.77,24.39,1.167,1.333,1.143,90
tier2_vs_pixel,3,1,1,90.59,87.61,-2.98,87.51,49.33,-38.18,33.16,56.7,23.54,1.233,1.533,1.243,86
tier2_vs_pixel,4,1,1,71.98,66.39,-5.6,88.09,57.09,-31.01,24.7,46.92,22.22,1.167,1.533,1.314,83
tier2_vs_pixel,5,1,1,77.31,72.39,-4.92,84.56,51.11,-33.45,27.3,49.79,22.49,1.133,1.267,1.118,85
tier2_vs_pixel,6,1,0,59,44.8,-14.2,91.78,59.6,-32.18,19.06,40.93,21.87,1.133,1.3,1.147,76
tier2_vs_pixel,7,1,0,52.22,38.89,-13.33,88.17,57.51,-30.66,21.06,42.73,21.67,1.233,1.3,1.054,74
tier2_vs_pixel,8,1,0,52.89,38.59,-14.3,84.33,55.41,-28.92,21.85,41.68,19.84,1.367,1.2,0.878,73
tier2_vs_pixel,9,1,0,48.83,36.6,-12.23,77.11,52.13,-24.99,22.23,42.51,20.28,1.4,1.233,0.881,72
tier2_vs_pixel,10,1,0,49.62,36.4,-13.21,77.05,51.77,-25.28,22.12,42.77,20.65,1.333,1.133,0.85,72
tier2_vs_pixel,16,0,0,63.52,78.72,15.2,106.07,114.36,8.29,13.23,18.57,5.34,1.233,1.167,0.946,80
tier2_vs_pixel,17,0,0,58.31,75.5,17.19,100.35,105,4.64,14.92,19.42,4.49,1.367,1.133,0.829,82
tier2_vs_pixel,18,0,0,51.9,62.66,10.77,92.55,93.57,1.02,12.43,18.02,5.58,1.367,1.033,0.756,72
tier2_vs_pixel,19,0,0,50.38,64.65,14.27,91.84,94.81,2.97,13.15,17.57,4.41,1.4,0.967,0.691,72
tier2_vs_pixel,20,0,0,55.45,50.79,-4.66,92.72,83.09,-9.62,13.38,17.8,4.42,1.4,1.133,0.81,71
tier2_vs_pixel,1,1,1,64.09,57.51,-6.58,84.14,44.14,-40,26.42,52.42,26,1.8,1.367,0.759,71
tier2_vs_pixel,2,1,1,62.09,55.52,-6.56,75.73,38.07,-37.66,31.39,55.01,23.62,1.433,1.4,0.977,69
tier2_vs_pixel,3,1,1,60.2,54.26,-5.93,75.26,37.61,-37.66,30.78,54.58,23.79,1.667,1.433,0.86,70
tier2_vs_pixel,4,1,1,60.95,55.42,-5.52,76.08,38.52,-37.56,29.99,53.86,23.87,1.433,1.3,0.907,70
tier2_vs_pixel,5,1,1,58.49,54.07,-4.42,79.21,40.07,-39.15,27,52.08,25.08,1.567,1.3,0.83,71
tier2_vs_pixel,6,0,1,74.77,78.08,3.31,104.22,80.74,-23.48,11.52,24.59,13.07,1.533,1.3,0.848,88
tier2_vs_pixel,7,0,1,76.77,85.2,8.42,108.51,90.46,-18.05,11.61,23.55,11.94,1.667,1.133,0.68,88
tier2_vs_pixel,8,0,1,77.07,81.71,4.64,108.55,87.92,-20.63,11.66,21.33,9.67,1.733,1.3,0.75,87
tier2_vs_pixel,9,0,1,75.52,82.04,6.53,107.33,89.53,-17.8,10.72,20.57,9.85,1.3,1.2,0.923,87
tier2_vs_pixel,10,0,1,77.14,88.07,10.93,110.56,95.44,-15.12,10.73,19.71,8.98,1.367,1.133,0.829,86
tier2_vs_pixel,12,0,0,78.07,84.89,6.82,109.32,80.56,-28.75,22.05,44.31,22.26,1.367,1.133,0.829,93
tier2_vs_pixel,13,0,0,80.42,79.26,-1.17,107.28,77.67,-29.6,19.86,42.04,22.18,1.667,1.4,0.84,94
tier2_vs_pixel,14,0,0,62.83,89.43,26.6,102.8,88.35,-14.46,17.07,37.83,20.76,1.767,1.733,0.981,96
tier2_vs_pixel,15,0,0,79.32,81.89,2.57,87.99,67.3,-20.69,38.74,57.93,19.19,1.533,1.3,0.848,89
tier2_vs_pixel,16,0,0,71.5,82.35,10.85,89.59,67.85,-21.74,30.94,52.48,21.54,1.6,1.133,0.708,91
tier2_vs_pixel,17,1,0,55.25,45.48,-9.77,64.02,24.87,-39.16,47.01,67.09,20.08,1.333,1.567,1.175,61
tier2_vs_pixel,18,1,0,59,47.15,-11.84,60.6,23.58,-37.02,55.57,73.35,17.79,1.433,1.667,1.163,60
tier2_vs_pixel,19,1,0,43.81,31.5,-12.32,66.76,27.85,-38.91,39.15,61.79,22.64,1.667,1.7,1.02,64
tier2_vs_pixel,20,1,0,44.88,32.53,-12.35,65.46,27.49,-37.97,41.24,62.85,21.61,1.567,1.533,0.979,62
tier2_vs_pixel,21,1,0,43.17,31.21,-11.96,65.18,26.04,-39.14,40.47,63.52,23.06,1.433,1.567,1.093,62
tier2_vs_pixel,1,1,1,82.42,69.18,-13.24,71.49,42.72,-28.78,41.31,59.01,17.7,1.9,1.9,1,76
tier2_vs_pixel,2,1,1,87.58,77.48,-10.11,64.46,37.45,-27.02,50.64,65.58,14.95,2.333,1.667,0.714,77
tier2_vs_pixel,3,1,1,83.32,72.19,-11.13,66.55,38.2,-28.35,47.55,63.26,15.71,2.833,2.133,0.753,76
tier2_vs_pixel,4,1,1,77.77,64.61,-13.16,59.01,33.92,-25.09,47.31,63.35,16.03,2.333,1.8,0.771,69
tier2_vs_pixel,5,1,1,75.85,64.16,-11.69,58.03,33.54,-24.49,45.85,61.93,16.08,2.733,2.133,0.78,71
tier2_vs_pixel,6,1,0,62.12,44.74,-17.39,65.72,39.61,-26.11,41.64,57.28,15.64,1.3,1.4,1.077,66
tier2_vs_pixel,7,1,0,62.77,49.54,-13.23,59.66,31.81,-27.85,44.11,60.43,16.32,1.967,1.7,0.864,66
tier2_vs_pixel,8,1,0,60.4,44.97,-15.43,63.88,42.21,-21.67,39,53.92,14.92,2.033,1.833,0.902,69
tier2_vs_pixel,9,1,0,57.33,42.49,-14.83,66.22,41.34,-24.88,40.85,57.08,16.22,2,1.867,0.933,67
tier2_vs_pixel,10,1,0,55.39,39.59,-15.8,59.99,38.48,-21.51,42.56,57.15,14.59,1.967,1.7,0.864,66
tier2_vs_pixel,11,0,1,76.8,87.46,10.65,81.8,69.14,-12.66,25.64,40.88,15.25,2.067,1.667,0.806,95
tier2_vs_pixel,12,0,1,70.99,72.82,1.83,85.61,62.08,-23.52,18.7,32.88,14.18,1.767,1.533,0.868,86
tier2_vs_pixel,13,0,1,78.61,86.43,7.82,91.97,75.47,-16.5,18.92,34.21,15.3,2.5,1.467,0.587,95
tier2_vs_pixel,14,0,1,73.58,84.69,11.11,90.04,72.47,-17.58,19.19,34.12,14.93,2.333,0.9,0.386,92
tier2_vs_pixel,15,0,1,73.1,80.36,7.26,87.55,63.38,-24.17,19.73,36.81,17.09,2.5,1.6,0.64,92
tier2_vs_pixel,16,0,1,74.53,83.55,9.02,86.22,59.03,-27.19,22.38,42.09,19.71,2.5,0.867,0.347,87
tier2_vs_pixel,17,0,1,82.09,61.02,-21.07,96.92,63.62,-33.3,20.17,44.93,24.76,1.7,1.467,0.863,81
tier2_vs_pixel,18,0,1,85.35,61.1,-24.25,88.32,68.07,-20.25,23.47,37.3,13.83,1.5,1.4,0.933,83
tier2_vs_pixel,1,1,1,89.53,69.59,-19.94,96.14,62.65,-33.49,25.52,49.41,23.89,1.833,2.833,1.545,87
tier2_vs_pixel,2,1,1,92.09,70.87,-21.22,98.98,65.52,-33.46,23.47,47.03,23.56,1.133,1.1,0.971,87
tier2_vs_pixel,3,1,1,87.87,66.64,-21.23,94.89,61.55,-33.33,25.32,49.06,23.75,1.4,1.433,1.024,83
tier2_vs_pixel,4,1,1,89.66,69.79,-19.86,95.71,62.65,-33.07,24.95,48.79,23.84,1.433,1.4,0.977,86
tier2_vs_pixel,5,1,1,89.07,68.19,-20.88,97.32,63.89,-33.42,23.92,48,24.07,1.367,1.467,1.073,85
tier2_vs_pixel,6,1,1,86.81,67.49,-19.32,93.63,61.43,-32.21,25.45,49.67,24.22,1.467,1.333,0.909,83
tier2_vs_pixel,7,1,1,65.08,45.85,-19.23,92.79,62.38,-30.41,21.67,44.12,22.45,1.033,1.133,1.097,75
tier2_vs_pixel,8,1,1,67.46,49.2,-18.26,77.92,47.81,-30.11,35.52,57.78,22.26,1.133,0.967,0.853,64
tier2_vs_pixel,9,1,1,81.9,58.1,-23.8,85.11,55.91,-29.2,33.69,54.75,21.07,0.933,0.967,1.036,69
tier2_vs_pixel,10,1,1,64,48.51,-15.49,72.72,45.38,-27.34,36.89,58.17,21.28,1.167,1.067,0.914,64
tier2_vs_pixel,11,1,1,69.07,52.52,-16.55,76.88,50.74,-26.13,34.64,53.75,19.1,1.1,0.867,0.788,68
tier2_vs_pixel,12,0,1,103.23,111.79,8.55,119.31,123.64,4.32,11.57,17.88,6.32,1.367,1.2,0.878,71
tier2_vs_pixel,15,0,1,112.85,109.04,-3.82,118.06,111.64,-6.43,10.89,23.08,12.19,0.8,1.1,1.375,79
tier2_vs_pixel,16,0,1,111.32,106.44,-4.88,114.9,107.18,-7.72,12.49,25.33,12.85,1.367,1.367,1,86
tier2_vs_pixel,17,0,1,105.8,102.97,-2.83,109.87,101.89,-7.99,14.27,28.34,14.07,1.233,1.3,1.054,92
tier2_vs_pixel,18,0,1,101.56,97.69,-3.87,105.03,94.9,-10.14,15.64,30.39,14.75,1.133,1.167,1.029,96
tier2_vs_pixel,19,0,0,93.45,81.17,-12.28,102.17,90.02,-12.14,20.54,36.61,16.07,0.967,1,1.034,96
tier2_vs_pixel,20,0,0,94.3,87.47,-6.83,105.64,95.21,-10.43,19.16,36,16.84,1.1,1.1,1,97
tier2_vs_pixel,21,0,0,92.54,80.72,-11.81,102.8,88.47,-14.33,21.91,38.26,16.34,1.167,0.9,0.771,95
tier2_vs_pixel,22,0,0,86.83,79.91,-6.92,91.13,76.75,-14.38,27.89,45.07,17.18,1.267,0.833,0.658,95
tier2_vs_pixel,23,0,0,83.04,78.41,-4.63,93.11,80.05,-13.06,23.48,39.87,16.39,1.167,0.933,0.8,94
tier2_vs_pixel,2,1,1,95.87,80.38,-15.5,101.88,69.5,-32.38,33.91,50.63,16.72,1.867,4.267,2.286,97
tier2_vs_pixel,3,1,1,98.97,76.09,-22.88,102.33,68.46,-33.87,31.84,49.39,17.55,1.8,2.067,1.148,95
tier2_vs_pixel,4,1,1,96.86,73.78,-23.07,99.2,64.05,-35.15,33.17,50.83,17.66,1.767,1.967,1.113,91
tier2_vs_pixel,5,1,1,98.69,76.34,-22.35,100.61,66.93,-33.68,33.67,51.17,17.5,1.567,2.167,1.383,94
tier2_vs_pixel,6,1,0,91.15,63.82,-27.33,101.7,67.3,-34.4,33.77,49.63,15.86,1.067,1.5,1.406,82
tier2_vs_pixel,7,1,0,61.45,45.81,-15.64,72.24,41.2,-31.04,43.48,61.5,18.02,2.067,1.6,0.774,64
tier2_vs_pixel,8,1,0,79.04,62.24,-16.81,86.93,56.41,-30.52,39.87,56.9,17.03,1.533,1.133,0.739,71
tier2_vs_pixel,9,1,0,73.26,49.96,-23.3,78.18,46.06,-32.12,45.9,60.15,14.25,1.4,1.367,0.976,63
tier2_vs_pixel,10,1,0,57.81,41.37,-16.44,70.59,44.14,-26.45,50.64,65.41,14.77,1.667,1.4,0.84,62
tier2_vs_pixel,16,0,0,96.21,96.15,-0.07,103.04,86.46,-16.58,29.85,46.04,16.19,1.4,1.333,0.952,95
tier2_vs_pixel,17,0,0,89.92,106.19,16.27,85.91,77.75,-8.16,38.77,52.42,13.66,1.767,1.3,0.736,87
tier2_vs_pixel,18,0,0,117.89,100.34,-17.56,130.88,117.91,-12.97,13.23,22.59,9.35,1.6,1.267,0.792,83
tier2_vs_pixel,19,0,0,107.61,97.27,-10.34,121.33,103.43,-17.9,16.43,30.04,13.6,1.6,1.633,1.021,94
tier2_vs_pixel,20,0,0,95.61,90.42,-5.19,98.04,77.9,-20.14,33.34,48.72,15.37,1.733,1.667,0.962,96
